SMILES,ID
C[C@]1(NC(=O)c2cnoc2)C[C@@H](NC(=O)C2C3CCCC32)C1,oxazole2isoxazole_0000000001
CC1(CCC(=O)OCc2cnoc2)CN(C(=O)OC(C)(C)C)C1,oxazole2isoxazole_0000000002
CC(C)(O)C(=O)NC1CC(NC(=O)c2cc(C(C)(C)C)on2)C1,oxazole2isoxazole_0000000003
CN(CCNC(=O)[C@H]1CCOC1)C(=O)c1nocc1C(C)(C)C,oxazole2isoxazole_0000000004
Cc1cc(C(=O)N2CC3CC2CCC3NC(=O)COCC2CC2)no1,oxazole2isoxazole_0000000005
O=C1OCCN1C1CCN(Cc2nocc2C(F)(F)F)CC1,oxazole2isoxazole_0000000006
Cc1oncc1C(=O)NC1CN(C(=O)CCc2c[nH]cn2)CC1(C)C,oxazole2isoxazole_0000000007
CCc1nocc1C(=O)N[C@@H]1CCC[C@@H]1NC(=O)Cc1nccn1C,oxazole2isoxazole_0000000008
Cc1nocc1C(=O)NCC[C@H]1CCCN1C(=O)c1nc[nH]c1C,oxazole2isoxazole_0000000009
Cc1cc(NC(=O)c2c(C)noc2COC(C)(C)C)ccc1C(N)=O,oxazole2isoxazole_0000000010
CC(CF)C(=O)NCC1CN(C(=O)c2cc(C3CCCC3)on2)C1,oxazole2isoxazole_0000000011
C[C@]1(C(=O)OCc2nocc2C(F)(F)F)C[C@H]2CC[C@@H]1O2,oxazole2isoxazole_0000000012
Cc1cc(-c2ccno2)ccc1NC(=O)C(N)C1CC2CC2C1,oxazole2isoxazole_0000000013
COc1cc(CNC(=O)c2cc(CS(C)(=O)=O)on2)ccn1,oxazole2isoxazole_0000000014
Cn1cccc(C(=O)N[C@]2(C)C[C@H](NC(=O)c3ccon3)C2)c1=O,oxazole2isoxazole_0000000015
O=C(NC[C@@H]1COC[C@H]1NC(=O)c1ccncc1)c1cnoc1,oxazole2isoxazole_0000000016
CC1CC(C(=O)N2CCN(C(=O)c3cc(C(F)F)on3)CC2)C1,oxazole2isoxazole_0000000017
Cc1ccc(CC(=O)N[C@@H]2CCC[C@@H]2NC(=O)c2ccon2)s1,oxazole2isoxazole_0000000018
Cc1cc(C(=O)N(C)CC2CCN(C(=O)Cn3cccc3)C2)no1,oxazole2isoxazole_0000000019
CC1CCC(NC(=O)c2cc(F)n(C)n2)CN1C(=O)c1ccon1,oxazole2isoxazole_0000000020
Cc1nocc1C(=O)N1CC(CO)(NC(=O)C2CCCOC2)C1,oxazole2isoxazole_0000000021
CSCC(=O)N[C@H]1CCC[C@@H]1NC(=O)C1(c2ccno2)CC1,oxazole2isoxazole_0000000022
COC(=O)c1nocc1CCC(=O)OCC1CCC(C)(C)C1,oxazole2isoxazole_0000000023
CNc1oncc1C(=O)N(C)C1CN(C(=O)CCC(F)(F)F)C1,oxazole2isoxazole_0000000024
CCOc1ccc(OC)cc1NC(=O)NCCc1nocc1C,oxazole2isoxazole_0000000025
CSCC(C)N(C)C(=O)c1cc(-c2cccnc2)on1,oxazole2isoxazole_0000000026
Cc1onc2c1CCN(C(=O)CNc1ccc(C(F)(F)F)cn1)C2,oxazole2isoxazole_0000000027
COC(=O)[C@H](OC(=O)c1c(C)noc1C(C)C)C1CCC1,oxazole2isoxazole_0000000028
CCC1(C(=O)NC[C@@H]2CCCN(C(=O)c3conc3C3CC3)C2)CC1,oxazole2isoxazole_0000000029
Cc1cc(C(=O)NCC(C)CNC(=O)c2cnoc2C(C)(C)C)on1,oxazole2isoxazole_0000000030
CCn1ccc(CC(=O)N2[C@@H]3CC[C@H]2[C@@H](NC(=O)c2ccon2)C3)n1,oxazole2isoxazole_0000000031
CCCC[C@H](NC(=O)NC(C)c1ccno1)C(=O)OC,oxazole2isoxazole_0000000032
Cc1cc(C(=O)N2CC(F)(F)C[C@H]2CNC(=O)COC(C)C)no1,oxazole2isoxazole_0000000033
COCc1onc2cc(NC[C@H](O)COC(C)C)ccc12,oxazole2isoxazole_0000000034
CC1CCCN1CC(=O)N1C[C@@H](CCNC(=O)c2ccon2)[C@H](C)C1,oxazole2isoxazole_0000000035
CCc1onc(C)c1C(=O)N1CCC[C@@H](N(C)C(=O)C2CN(C)C2)C1,oxazole2isoxazole_0000000036
Cc1c(CC(=O)N(C)C(C)CC#N)noc1-c1ccco1,oxazole2isoxazole_0000000037
COc1ccc(N(C)C(=O)c2cnoc2C(C)(C)CF)cn1,oxazole2isoxazole_0000000038
CO[C@@H](C)C(=O)N1CC2(CCN(C(=O)CCc3ccno3)C2)C1,oxazole2isoxazole_0000000039
O=C(c1cnoc1)N1CCC2C(CCCN2C(=O)c2cnc[nH]2)C1,oxazole2isoxazole_0000000040
CC(c1oncc1-c1ccccc1)N1CCN([C@H]2CCNC2)CC1,oxazole2isoxazole_0000000041
CCc1nocc1C(=O)N1CCCN(C(=O)C2CC(C)(C)O2)CC1C,oxazole2isoxazole_0000000042
Cc1oncc1C(=O)N[C@H]1CC[C@H](NC(=O)[C@H]2C[C@H](CF)C2)C1,oxazole2isoxazole_0000000043
CC1CCC(NC(=O)c2ccon2)CN1C(=O)c1ccc(F)c(O)c1,oxazole2isoxazole_0000000044
Nc1nc2c(s1)C[C@H](NC(=O)Cc1cc(C(F)F)on1)CC2,oxazole2isoxazole_0000000045
CCc1cnoc1COC(=O)c1cn(C(C)C)nc1C,oxazole2isoxazole_0000000046
CCC(O)[C@H]1CCCN1c1onc2cccc(C(=O)OC)c12,oxazole2isoxazole_0000000047
CCc1cc(C(=O)N(C)C2CCCCN(C(=O)[C@]3(C)C[C@H]3C)C2)no1,oxazole2isoxazole_0000000048
Cc1cc([C@H]2CCCN2S(=O)(=O)N(C)C2CCC2)on1,oxazole2isoxazole_0000000049
CCc1conc1C(=O)NC[C@H]1CCN(C(=O)[C@]2(C)C[C@H]2C)C1,oxazole2isoxazole_0000000050
O=C(N[C@@H]1CC[C@@H]1NC(=O)c1[nH]ncc1Cl)c1conc1C1CC1,oxazole2isoxazole_0000000051
Cc1ccc(C(=O)N2CC(c3cc(C(=O)O)no3)C2)c(C)n1,oxazole2isoxazole_0000000052
O=C(N[C@H]1CC[C@@H](NC(=O)[C@H]2CCOC2)CC1)c1conc1C1CC1,oxazole2isoxazole_0000000053
CC(C(=O)N[C@H]1CC[C@H]1CNC(=O)c1cnccn1)c1ccno1,oxazole2isoxazole_0000000054
Cc1c(C(=O)OCC(=O)OC(C)(C)C)noc1C(F)(F)F,oxazole2isoxazole_0000000055
CCC(=O)N1CCC(N2CCC(NC(=O)Cc3ccon3)CC2)C1,oxazole2isoxazole_0000000056
CCCc1nocc1C(=O)N1[C@@H]2CC[C@H]1[C@@H](NC(=O)C1(O)CC1)C2,oxazole2isoxazole_0000000057
Cc1conc1C(=O)NC[C@H]1C[C@H]1NC(=O)c1ccc2c(c1)OCC2,oxazole2isoxazole_0000000058
O=C(N[C@@H]1CC[C@H]2CCN(C(=O)C3CCCC3)[C@H]21)c1cnoc1,oxazole2isoxazole_0000000059
C[C@]1(CNC(=O)c2cc[nH]n2)CCCN1C(=O)c1cc(C2CC2)on1,oxazole2isoxazole_0000000060
O=C(O)c1ccc2noc(N3CCN(C(=O)C4(CF)CC4)CC3)c2c1,oxazole2isoxazole_0000000061
Cc1cc(C(=O)N2[C@@H]3CC[C@H]2C[C@H](N(C)C(=O)C2CCOC2)C3)no1,oxazole2isoxazole_0000000062
C[C@@H]1C[C@H]1C(=O)N[C@@H]1CN(C(=O)c2cnoc2)CC[C@H]1CO,oxazole2isoxazole_0000000063
Cc1noc(C)c1C(=O)N(C)CC1(O)CN(C(=O)Cc2ccco2)C1,oxazole2isoxazole_0000000064
Cc1onc(C(=O)NC(C)CCNC(=O)C2CC(C)(F)C2)c1C,oxazole2isoxazole_0000000065
Cc1conc1C(=O)N1CCN(C(=O)CC(C)C)C2(CCC2)C1,oxazole2isoxazole_0000000066
Cc1cnc(C(NC(=O)N2CC(c3oncc3CO)C2)C2CC2)s1,oxazole2isoxazole_0000000067
Cc1noc(C)c1C(=O)N1CCC1CNC(=O)CCc1ccon1,oxazole2isoxazole_0000000068
C[C@H](CN(C)C(=O)c1nccn1C)NC(=O)Cc1cnoc1,oxazole2isoxazole_0000000069
Cc1n[nH]nc1C1CN(C(=O)CCc2cnoc2C2CC2)C1,oxazole2isoxazole_0000000070
Cc1noc(C)c1C(=O)N(C)CC1CCN(C(=O)C2CC2F)CC1,oxazole2isoxazole_0000000071
CC1(NC(=O)c2cnoc2)CCCN(C(=O)C2(O)CC(F)(F)C2)C1,oxazole2isoxazole_0000000072
Cn1cc(-c2cc(C(=O)NC3(CO)CCSC3)no2)cn1,oxazole2isoxazole_0000000073
Cc1nocc1C(=O)Nc1ccnc(C(=O)N(C)C)c1,oxazole2isoxazole_0000000074
Cc1cc(F)ccc1CC(=O)N1CCC(NC(=O)c2conc2C)C1,oxazole2isoxazole_0000000075
CC1(CCNC(=O)c2cc(-c3cccnc3)on2)CCN1,oxazole2isoxazole_0000000076
O=C(N[C@H]1CCC[C@H]1NC(=O)c1cc2n(n1)CCC2)c1ccon1,oxazole2isoxazole_0000000077
CC1(C(=O)NC[C@@H]2CCN(C(=O)Cc3cnoc3)C2)CSC1,oxazole2isoxazole_0000000078
Cc1noc(C)c1C(=O)NCC(C)NC(=O)C1CC(=O)OC1(C)C,oxazole2isoxazole_0000000079
CCOC(=O)c1cnoc1NC(=O)NC1CC(CCSC)C1,oxazole2isoxazole_0000000080
Cc1conc1C(=O)N1C[C@@H](C)[C@@H](NC(=O)C2(CN(C)C)CC2)C1,oxazole2isoxazole_0000000081
COCCC(C)C(=O)N1CCN(C(=O)c2c(C)noc2C)CC1,oxazole2isoxazole_0000000082
CCCc1nocc1C(=O)N1CCOC(C(C)NC(=O)C(C)C)C1,oxazole2isoxazole_0000000083
Cc1ccc(N2CCCC2=O)c(C(=O)N(C)c2c(C#N)noc2C)c1,oxazole2isoxazole_0000000084
CN(C(=O)c1cnoc1)[C@@H]1C[C@H]2C[C@@H]1N(C(=O)[C@@H]1CC1(F)F)C2,oxazole2isoxazole_0000000085
COc1ccc(C(=O)NC2(C)CN(C(=O)Cc3cnoc3)C2)c(F)c1,oxazole2isoxazole_0000000086
COc1cc(CC(=O)NC2CC(NC(=O)c3ccon3)C2)ccn1,oxazole2isoxazole_0000000087
Cc1nocc1C(=O)N(C)CC1(NC(=O)c2ncn(C)c2C)CC1,oxazole2isoxazole_0000000088
Cc1cnoc1COCC(=O)OC1CC2(CCOCC2)C1,oxazole2isoxazole_0000000089
Cc1nocc1C(=O)N[C@H]1C[C@@H](CNC(=O)C2(CO)CCCO2)C1,oxazole2isoxazole_0000000090
CCCN(CCc1ncn[nH]1)C(=O)c1noc(C)c1OCC,oxazole2isoxazole_0000000091
CCc1noc(C)c1C(=O)N1CC[C@@H](CNC(=O)C(C)O)C1,oxazole2isoxazole_0000000092
CC1CC(C)C1C(=O)NCC1(NC(=O)c2cc(C3CC3)on2)CCC1,oxazole2isoxazole_0000000093
O=C(N[C@H]1CN(C(=O)c2ccon2)CC[C@H]1F)C1CC(C2CCC2)C1,oxazole2isoxazole_0000000094
CCCc1nocc1C(=O)N1CCN(C(=O)c2ccnc(C)c2)CC1,oxazole2isoxazole_0000000095
CCc1cc(C(=O)NCC2CC2NC(=O)c2ncncc2F)no1,oxazole2isoxazole_0000000096
Cc1noc(C2CC2)c1C(=O)NC1CCOCC1CC(=O)O,oxazole2isoxazole_0000000097
NCc1cc(C(=O)N2CCCN(Cc3ccccc3F)CC2)no1,oxazole2isoxazole_0000000098
O=C(N[C@@H]1CN(C(=O)C2(CF)CC2)C[C@H]1O)c1cnoc1C1CC1,oxazole2isoxazole_0000000099
CC1(C)COC(C(=O)N[C@@H]2C[C@H]3CC[C@@H]2N3C(=O)c2cnoc2N)C1,oxazole2isoxazole_0000000100
Cc1c(C(=O)NC(C)c2ccn(C)n2)noc1CCN,oxazole2isoxazole_0000000101
Cc1c[nH]nc1C(=O)NC(C)C(C)(C)NC(=O)c1ccon1,oxazole2isoxazole_0000000102
CCc1nocc1C(=O)N[C@H]1CN(C(=O)c2cncn2C)CC[C@H]1F,oxazole2isoxazole_0000000103
CCn1cc(C(=O)N2CC[C@@H]3[C@@H](NC(=O)c4cnoc4)[C@@H]32)c(C)n1,oxazole2isoxazole_0000000104
Cc1cc(C(=O)NCC2CCC(NC(=O)CC(C)F)CC2)no1,oxazole2isoxazole_0000000105
CC(C)NC1(C(=O)N[C@@H]2CCC[C@H](NC(=O)c3ccon3)C2)CC1,oxazole2isoxazole_0000000106
C[C@@H]1CN(C(=O)c2cnoc2)C[C@H]1CNC(=O)CN1CCCC1=O,oxazole2isoxazole_0000000107
Cc1nocc1C(=O)N1CC2CCCC(CNC(=O)C(F)F)(C2)C1,oxazole2isoxazole_0000000108
O=S(=O)(NCc1cc(-c2ccccc2)on1)C1CC2(CC2)C1,oxazole2isoxazole_0000000109
O=C(NC[C@@H]1C[C@H](F)CN1C(=O)c1cnoc1)c1csc(=O)[nH]1,oxazole2isoxazole_0000000110
CCCc1nocc1C(=O)Nc1cccc2c1S(=O)(=O)CC2,oxazole2isoxazole_0000000111
C[C@@H]1C[C@@H](NC(=O)[C@H]2CCCO2)CCN1C(=O)c1ccon1,oxazole2isoxazole_0000000112
C[C@H](CNC(=O)C1(C)Cc2ccccc2C1)NC(=O)c1cnoc1,oxazole2isoxazole_0000000113
O=C(NCc1ccc2c(c1)NCCO2)c1nocc1C1CC1,oxazole2isoxazole_0000000114
CO[C@@H](C)C(=O)N1CC(C)(NC(=O)Cc2cc(C(F)F)on2)C1,oxazole2isoxazole_0000000115
Cc1onc(C(=O)N2CCCC(C)(NC(=O)c3ccns3)C2)c1C,oxazole2isoxazole_0000000116
Cc1nocc1C(=O)N1C[C@@H]2[C@@H](CNC(=O)c3ccccn3)[C@@H]2C1,oxazole2isoxazole_0000000117
CCC(F)(F)C(=O)N(C)C[C@@H](C)NC(=O)c1nocc1C,oxazole2isoxazole_0000000118
CNC(=O)N1CC(C(=O)N2C[C@@H]3[C@H](C2)[C@H]3NC(=O)c2ccon2)C1,oxazole2isoxazole_0000000119
Cc1oncc1C(=O)N1CCC(CNC(=O)c2cc(C3CC3)on2)C1,oxazole2isoxazole_0000000120
Cc1conc1C(=O)NC[C@H](C)NC(=O)c1cc(F)cc(F)c1,oxazole2isoxazole_0000000121
CCCc1nocc1C(=O)N1CC(NC(=O)C2CCC23CCC3)C1,oxazole2isoxazole_0000000122
Cc1onc(C(=O)N2CC[C@H](NC(=O)c3cnc(O)c(F)c3)C2)c1C,oxazole2isoxazole_0000000123
Cc1cc(C(=O)N[C@H](CO)CNC(=O)[C@@H]2CC3(CC3)CN2C)no1,oxazole2isoxazole_0000000124
COC(=O)CC1CC(C(=O)N[C@@H]2CC[C@@H]2NC(=O)c2nocc2C)C1,oxazole2isoxazole_0000000125
CCc1oncc1CNC(=O)N1CC2(COC(=O)N2)C1,oxazole2isoxazole_0000000126
CCc1cc(C(=O)NC[C@H]2CCCCN2C(=O)CC2CC2(C)C)no1,oxazole2isoxazole_0000000127
Cc1c[nH]cc1C(=O)NC1CC(CNC(=O)c2cc(Cl)on2)C1,oxazole2isoxazole_0000000128
Cc1onc(C(=O)N2CCC(C)(NC(=O)Cc3ccsc3)C2)c1C,oxazole2isoxazole_0000000129
O=C(CCF)N[C@@H]1CCN(C(=O)C2(c3ccno3)CCC2)C[C@H]1F,oxazole2isoxazole_0000000130
CC(C)c1conc1C(=O)NCCC1CCN(C(=O)CC#N)C1,oxazole2isoxazole_0000000131
CCc1onc(C)c1CNC(=O)N1CCOC(c2ccnn2C)C1,oxazole2isoxazole_0000000132
N[C@@H]1CCN(C(=O)c2nocc2-c2ccccc2Cl)C[C@H]1CO,oxazole2isoxazole_0000000133
Cc1conc1C(=O)NCC1(C)CCN(C(=O)C2(C)CC2(C)C)CC1,oxazole2isoxazole_0000000134
CC(=O)NC(C)C(C)(C)NC(=O)c1cc(C2CCCC2)on1,oxazole2isoxazole_0000000135
Nc1onc2c(C(=O)NCC3CN(C(=O)CC(F)F)C3)cccc12,oxazole2isoxazole_0000000136
Cc1oncc1CCC(=O)N1CC2(C1)CN(C(=O)C1OCC1(C)C)C2,oxazole2isoxazole_0000000137
Cc1cnoc1CC(=O)NCC12CCC(CN(C(=O)C3CC3)C1)C2,oxazole2isoxazole_0000000138
CC1(C)C[C@@H]1C(=O)N1CCC(F)(CNC(=O)c2conc2C2CC2)C1,oxazole2isoxazole_0000000139
Cc1ccc(-c2cc(CNC(=O)N3CCCO[C@@H](C)C3)no2)cc1,oxazole2isoxazole_0000000140
CC1CCN(CC(=O)NC2CCN(C(=O)Cc3cnoc3)C2)CC1,oxazole2isoxazole_0000000141
O=C(N[C@@H]1C[C@H]2CC[C@@H]1N2)c1cnoc1-c1ccccc1,oxazole2isoxazole_0000000142
O=C(N[C@H]1CCC[C@H]1NC(=O)[C@@H]1C[C@H]2CC[C@@H]1O2)c1ccon1,oxazole2isoxazole_0000000143
Cc1conc1C(=O)N1CCC[C@@H](NC(=O)[C@H]2CCC(=O)O2)C1,oxazole2isoxazole_0000000144
C[C@H]1[C@H](NC(=O)C2CCCO2)CCCN1C(=O)CCc1ccno1,oxazole2isoxazole_0000000145
CC1CC(CO)(NC(=O)c2cc(C3CCOCC3)on2)C1,oxazole2isoxazole_0000000146
CCc1onc(C)c1C(=O)N(C)C1CCN(C(C)=O)CC1,oxazole2isoxazole_0000000147
Cc1nocc1C(=O)NC1CCCN(C(=O)c2cccnc2N)C1,oxazole2isoxazole_0000000148
CCCC(=O)N1C[C@@H](O)C[C@H](NC(=O)c2cc(C)on2)C1,oxazole2isoxazole_0000000149
Cc1onc(C(=O)N2CC(NC(=O)CO)C(C)(C)C2)c1C,oxazole2isoxazole_0000000150
COC(=O)c1cc(Br)cc2c1CCN2Cc1ccno1,oxazole2isoxazole_0000000151
Cc1cc(C(=O)N2C[C@H]3C[C@@H](N(C)C(=O)C4CCCO4)[C@@H]2C3)no1,oxazole2isoxazole_0000000152
Cc1noc(C2CC2)c1C(=O)NC1CCN(CC(=O)O)C1,oxazole2isoxazole_0000000153
CN1C(=O)COc2ccc(NC(=O)Cc3ccon3)cc21,oxazole2isoxazole_0000000154
CC(C)(C(=O)NC[C@@H]1C[C@@H]2O[C@H]1[C@H]1C[C@H]12)c1ccno1,oxazole2isoxazole_0000000155
O=C(NC1CC2CC1N(C(=O)c1cc(Cl)on1)C2)c1ccccn1,oxazole2isoxazole_0000000156
O=C1N[C@H](C(=O)N2CCC[C@H](NC(=O)c3ccon3)C2)CCO1,oxazole2isoxazole_0000000157
CCN(C)C(=O)C1CSCN1C(=O)c1cc(C)on1,oxazole2isoxazole_0000000158
COCCN1CCC(NC(=O)c2nocc2-c2ccco2)C1,oxazole2isoxazole_0000000159
Cn1cccc1C(=O)N1CCC1CNC(=O)c1nocc1C1CCC1,oxazole2isoxazole_0000000160
CCOC(=O)c1cnoc1NC(=O)N(C)C1(C)CCOCC1,oxazole2isoxazole_0000000161
CC1(NC(=O)c2ccon2)CN(C(=O)c2conc2C2CC2)C1,oxazole2isoxazole_0000000162
O=C(c1cnoc1C1CNC1)N1CCCC(c2ccc(F)cc2)CC1,oxazole2isoxazole_0000000163
N#CC1(C(=O)NCc2cc(-c3ccccc3)on2)CCCOC1,oxazole2isoxazole_0000000164
CCCc1cc(C(=O)NC2CCCC(CC(=O)O)C2)no1,oxazole2isoxazole_0000000165
CC(=O)NC1CCN(C(=O)c2cccc3c(C)onc23)CC1F,oxazole2isoxazole_0000000166
O=C(CCc1cnoc1C1CCC1)N1CCOC(C2CCOC2)C1,oxazole2isoxazole_0000000167
CCC1CN(C(=O)c2conc2C)CCN1C(=O)[C@H]1CCCO[C@H]1C,oxazole2isoxazole_0000000168
CC1(CNC(=O)CCN2CCCC2=O)CCCN1C(=O)c1ccon1,oxazole2isoxazole_0000000169
C[C@@]1(NC(=O)c2ccon2)CCN(C(=O)c2ccc(CO)nc2)C1,oxazole2isoxazole_0000000170
CCOC(=O)c1nocc1CNC(=O)C1CCc2cc(Cl)ccc21,oxazole2isoxazole_0000000171
Cc1ccc(F)c(NC(=O)N2CCN(Cc3ccon3)CC2)c1,oxazole2isoxazole_0000000172
Cc1conc1C(=O)NC(C)CN(C)C(=O)c1c[nH]c(C2CC2)n1,oxazole2isoxazole_0000000173
C[C@H](Cc1ccno1)NC(=O)c1cccc(C(=O)O)c1,oxazole2isoxazole_0000000174
CCCc1cc(C(=O)N[C@H]2[C@@H]3CN(C(=O)c4cc(C)on4)C[C@@H]32)no1,oxazole2isoxazole_0000000175
CC(C)(C)c1cc(CNC2CC(CC(N)=O)C23CCC3)on1,oxazole2isoxazole_0000000176
CCN(C)CC(=O)N1CC[C@@H]2CC[C@@H](NC(=O)c3nocc3C)[C@@H]21,oxazole2isoxazole_0000000177
Cc1ccnnc1C(=O)N(C)C(C)CN(C)C(=O)c1cnoc1,oxazole2isoxazole_0000000178
CCc1cc(C(=O)NC[C@H]2CCN(C(=O)CC3CCC(=O)N3)C2)no1,oxazole2isoxazole_0000000179
O=C(N[C@@H]1CN(C(=O)c2cc(CC3CC3)on2)C[C@H]1O)C1CCCO1,oxazole2isoxazole_0000000180
COc1ncncc1NC(=O)c1c(C)noc1C1CCCN(C)C1,oxazole2isoxazole_0000000181
Nc1ccc(C(=O)N2CC3(CN(C(=O)Cc4ccon4)C3)C2)nc1,oxazole2isoxazole_0000000182
CCN(CCNC(=O)c1cnoc1N)C(=O)C1C(C)(C)C1(C)C,oxazole2isoxazole_0000000183
Cc1conc1C(=O)NC1(CO)CN(C(=O)C2CCC(C)C2)C1,oxazole2isoxazole_0000000184
CCC(C)(CNC(=O)c1cnncc1C)NC(=O)c1nocc1C,oxazole2isoxazole_0000000185
Cc1c(C(=O)N2COC3CCCCC3C2)noc1C(F)(F)F,oxazole2isoxazole_0000000186
O=C(NCC=CBr)N1CC(c2oncc2CO)C1,oxazole2isoxazole_0000000187
Cc1c(C(=O)N[C@@H](C)CCNC(=O)C2CCCS2)noc1Cl,oxazole2isoxazole_0000000188
Cc1nccc(C(=O)NC[C@@H]2CN(C(=O)c3cnoc3)CCO2)c1C,oxazole2isoxazole_0000000189
CNc1oncc1C(=O)NC1CCC(N(C)C(=O)[C@H]2C[C@@H](O)C2)C1,oxazole2isoxazole_0000000190
Cc1cc(C(=O)NCC2CC2NC(=O)C2CN(C(=O)N(C)C)C2)no1,oxazole2isoxazole_0000000191
CCCc1occc1C(=O)N[C@H]1C[C@@H]1NC(=O)c1cc(Cl)on1,oxazole2isoxazole_0000000192
Cc1noc(CC2CC2)c1C(=O)N1CC(NC(=O)CC2(O)CCC2)C1,oxazole2isoxazole_0000000193
CC(C)CNC(=O)CNC(=O)CCc1ccc2conc2c1,oxazole2isoxazole_0000000194
Cc1onc(C(=O)NC2(CNC(=O)C3CC4CCC3O4)CCC2)c1C,oxazole2isoxazole_0000000195
CC1CN(Cc2ccccc2)CC1C(=O)NCc1cc(C(=O)O)no1,oxazole2isoxazole_0000000196
CN(C)[C@@H](CO)C(=O)N1CCC2(CCCN2C(=O)c2ccon2)C1,oxazole2isoxazole_0000000197
Cc1cnoc1CN(C)CC12CC(C(F)(F)F)(CO1)C2,oxazole2isoxazole_0000000198
CC(C)[C@H](CNC(=O)c1ccoc1)NC(=O)c1cnoc1,oxazole2isoxazole_0000000199
NC(=O)C[C@H](NC(=O)CCc1ccno1)c1ccc(Cl)cc1,oxazole2isoxazole_0000000200
CNc1oncc1C(=O)N[C@@H]1C[C@H]2CC[C@@H](C1)N2C(=O)[C@@H]1CCCO1,oxazole2isoxazole_0000000201
CC(NC(=O)c1cc(-c2cnn(C)c2)on1)C(=O)NC1CC1,oxazole2isoxazole_0000000202
OCCN(Cc1ccc(-c2cnoc2)cc1)C1CCOCC1,oxazole2isoxazole_0000000203
CCc1onc(C(=O)NC(C)(C)C2CCCOC2)c1C,oxazole2isoxazole_0000000204
Cc1onc2ccc(C(=O)N3CCN(C(=O)C4CC4)C[C@H]3C)cc12,oxazole2isoxazole_0000000205
COC(=O)Cc1cc(CNC[C@]23OCCC[C@H]2C3(F)F)on1,oxazole2isoxazole_0000000206
Cc1oncc1CCC(=O)N1CCN(C(=O)COC(F)F)[C@H](C)C1,oxazole2isoxazole_0000000207
O=C(Cc1cnc[nH]1)NC1CCN(C(=O)c2cnoc2)C1,oxazole2isoxazole_0000000208
O=C(c1ccc2conc2c1)N1C[C@@H]2CCCO[C@H]2C1,oxazole2isoxazole_0000000209
CCc1nocc1C(=O)NCCN(C)C(=O)C1CN2CCC1C2,oxazole2isoxazole_0000000210
Cc1conc1C(=O)N(C)CC1CCCN(C(=O)CC2(C)CCC2)C1,oxazole2isoxazole_0000000211
Cc1conc1C(=O)NC1(CO)CN(C(=O)CC2(CO)CC2)C1,oxazole2isoxazole_0000000212
C[C@H](CNC(=O)Cc1cccc(C#N)c1)NC(=O)c1cc(Cl)on1,oxazole2isoxazole_0000000213
Cc1conc1C(=O)NC[C@@H]1CC[C@H]1NC(=O)c1coc(C2CC2)n1,oxazole2isoxazole_0000000214
Cc1ocnc1C(=O)NC[C@@H]1CC[C@H]1NC(=O)c1cc(C2CC2)on1,oxazole2isoxazole_0000000215
Cc1oncc1C(=O)N1CCC2(CC1)CC(NC(=O)CC1CC1)C2,oxazole2isoxazole_0000000216
Cc1cc(C(=O)N2CC(C)CC(NC(=O)C34CCC(CC3)O4)C2)no1,oxazole2isoxazole_0000000217
COCC(=O)NC[C@H]1C[C@H]1NC(=O)c1c(C)noc1C(F)(F)F,oxazole2isoxazole_0000000218
CC(=O)N(C)C1CN(C(=O)Cc2nocc2C)CC12CC2,oxazole2isoxazole_0000000219
Cc1conc1C(=O)N1CCCC[C@H]1CNC(=O)CC(C)(F)F,oxazole2isoxazole_0000000220
O=C(c1nocc1CCC(F)(F)F)N1CCCC(O)(C(=O)O)C1,oxazole2isoxazole_0000000221
Cc1conc1C(=O)N[C@H](CO)[C@@H](C)NC(=O)C1CCCN1C,oxazole2isoxazole_0000000222
Cc1conc1CCNC(=O)c1snnc1C(C)C,oxazole2isoxazole_0000000223
CC1(C)CCOC1CC(=O)N1C[C@@H]2C[C@]2(NC(=O)c2cnoc2N)C1,oxazole2isoxazole_0000000224
Cc1cc(C(=O)NCC[C@@H](C)NC(=O)[C@H]2CC2(C)C)no1,oxazole2isoxazole_0000000225
Cc1cc(C(=O)N2CCCCC2CNC(=O)C2CCCC2(C)C)no1,oxazole2isoxazole_0000000226
Cc1conc1C(=O)NC1(CNC(=O)c2sccc2C#N)CCC1,oxazole2isoxazole_0000000227
O=C(NCCC1CCCN(C(=O)C2CCCCO2)CC1)c1cnoc1,oxazole2isoxazole_0000000228
CC(C)c1cc(C(=O)N2CCC[C@@H](N(C)C(=O)[C@H]3C[C@@H](O)C3)C2)no1,oxazole2isoxazole_0000000229
COCCN1[C@H](C)CN(c2onc3ccc(C(=O)OC)cc23)C[C@@H]1C,oxazole2isoxazole_0000000230
CN(CC(C)(C)NC(=O)c1csc(=O)[nH]1)C(=O)c1ccon1,oxazole2isoxazole_0000000231
O=C1N[C@H](C(=O)NC[C@@H]2CCN(C(=O)c3ccon3)C2)CO1,oxazole2isoxazole_0000000232
CCN(CC(C)NC(=O)C1(C#N)CCCC1)C(=O)c1ccon1,oxazole2isoxazole_0000000233
CCc1nocc1CNC(=O)C1OCCOC12CCC2,oxazole2isoxazole_0000000234
CCOCC(C)C(=O)N1CC(NC(=O)c2cc(C)on2)CC2(CC2)C1,oxazole2isoxazole_0000000235
O=C(O)C1CN(C(=O)Cc2cc(C(F)F)on2)Cc2ccnn2C1,oxazole2isoxazole_0000000236
Cc1noc(C)c1C(=O)NCC[C@H](C)NC(=O)[C@@H]1C[C@H]1C(C)(C)C,oxazole2isoxazole_0000000237
CCN(C(=O)[C@H]1CC[C@@H](C)O1)C1CCN(C(=O)c2ccon2)C1,oxazole2isoxazole_0000000238
CN(C)C(=O)CNC(=O)NCc1onc2c1CCC(F)(F)C2,oxazole2isoxazole_0000000239
CC[C@@H]1C[C@H]1C(=O)N1CCC(C(C)NC(=O)c2conc2C)CC1,oxazole2isoxazole_0000000240
CCOC(=O)Cn1nccc1C(=O)NCc1cc(Cl)on1,oxazole2isoxazole_0000000241
COC(CNC(=O)NCc1ccc(-c2cnoc2)cc1)C1CC1,oxazole2isoxazole_0000000242
Cc1onc(COC(=O)C2(NC(=O)c3ccc[nH]3)CCCC2)c1C,oxazole2isoxazole_0000000243
CC1CCN(C(=O)c2conc2-c2ccccc2)CCS1=O,oxazole2isoxazole_0000000244
COc1cccc(CC2(NC(=O)c3cc(Cl)on3)CC2)c1,oxazole2isoxazole_0000000245
Cc1nocc1C(=O)NC[C@@H]1CC[C@H]1NC(=O)c1cccnc1,oxazole2isoxazole_0000000246
CCc1cccc(NC(=O)NCc2conc2C(=O)OC)c1F,oxazole2isoxazole_0000000247
CCc1onc(C)c1C(=O)NC(CO)CC1CCCCO1,oxazole2isoxazole_0000000248
Cc1cnoc1CNC(=O)Nc1cc(C(C)(C)C)ncn1,oxazole2isoxazole_0000000249
Cc1cc(NC(=O)c2noc(C3CNC3)c2C)ccc1C(=O)N(C)C,oxazole2isoxazole_0000000250
CC[C@@H]1C[C@H]1C(=O)N1C[C@@H](NC(=O)c2cnoc2N)[C@H](C2CC2)C1,oxazole2isoxazole_0000000251
O=C(c1cnoc1)N1CC2(CCCCN(C(=O)c3ccns3)C2)C1,oxazole2isoxazole_0000000252
Cc1cnoc1-c1cccc(NC(=O)C(C)CS(C)=O)c1,oxazole2isoxazole_0000000253
CC(C)c1conc1C(=O)NCC1CN(C(=O)C2CC2)C2CCN1C2,oxazole2isoxazole_0000000254
Cc1cc(C(=O)NC2CN(C(=O)Cc3cc[nH]c3)C(C)(C)C2)no1,oxazole2isoxazole_0000000255
Cc1cnoc1CCCC(=O)N1CC(=O)N2CCOCC2(CO)C1,oxazole2isoxazole_0000000256
Cc1cc(C(=O)Nc2cccc(NC(=O)C3CCC(=O)C3)c2)no1,oxazole2isoxazole_0000000257
CCC(=O)N1CCC[C@@H](NC(=O)CCc2conc2C(=O)OC)C1,oxazole2isoxazole_0000000258
CCCc1nocc1C(=O)OC1CCN(C(=O)OC)CC1,oxazole2isoxazole_0000000259
O=C(CC(F)F)N[C@H]1C[C@H](O)CN(C(=O)c2ccon2)C1,oxazole2isoxazole_0000000260
Nc1onc2cc(C(=O)N3CCOC(C4CC(F)(F)C4)C3)ccc12,oxazole2isoxazole_0000000261
Cc1oncc1C(=O)NC[C@@H](C)N(C)C(=O)C(C)c1ccsn1,oxazole2isoxazole_0000000262
C[C@@H](NC(=O)C1(c2ccno2)CCC1)c1cscn1,oxazole2isoxazole_0000000263
CCc1conc1C(=O)N1C[C@H]2C[C@@H]1[C@H](NC(=O)[C@@H]1CNC(=O)N1)C2,oxazole2isoxazole_0000000264
Cc1oncc1C(=O)N1CCC[C@@H](NC(=O)CC2CC2(C)C)[C@H]1C,oxazole2isoxazole_0000000265
CCc1onc(C)c1C(=O)N1CCCC1CNC(=O)Cc1cn[nH]c1,oxazole2isoxazole_0000000266
CC(C)(CNC(=O)c1cc(C(C)(C)C)no1)Cn1cccn1,oxazole2isoxazole_0000000267
CC(C)CC(C)(CNC(=O)OC(C)(C)C)C(=O)NCc1ccno1,oxazole2isoxazole_0000000268
O=C(C1CCN(c2nncs2)CC1)N1CCCC(c2cnoc2)C1,oxazole2isoxazole_0000000269
COC(=O)c1nocc1COCC(=O)N[C@H]1CCc2c(F)cccc21,oxazole2isoxazole_0000000270
CC(C1CCCO1)N(C)C(=O)c1nocc1-c1ccc(C#N)cc1,oxazole2isoxazole_0000000271
O=C(c1ccon1)N1CCC[C@H]1CNC(=O)C1(CC(F)F)CC1,oxazole2isoxazole_0000000272
Cc1cc(COC(=O)CC(O)Cc2ccccc2)no1,oxazole2isoxazole_0000000273
O=C(NCCc1cnoc1)C1CCc2[nH]nc(C(F)(F)F)c2C1,oxazole2isoxazole_0000000274
O=C(Nc1ccccc1CN1CCNC1=O)c1conc1C(F)F,oxazole2isoxazole_0000000275
CCOC(=O)c1cnoc1NC(=O)NC(c1ccncc1)C(C)C,oxazole2isoxazole_0000000276
CCc1conc1C(=O)N(C)CCN(C)C(=O)c1ncccn1,oxazole2isoxazole_0000000277
Cc1cc(C(=O)N[C@H]2CC[C@H](NC(=O)CSC3CC3)C2)no1,oxazole2isoxazole_0000000278
O=C(CCc1oncc1-c1c(F)cccc1F)NC(CO)CCF,oxazole2isoxazole_0000000279
CCc1cnoc1CNc1cccc(S(=O)(=O)NC(C)CC)c1,oxazole2isoxazole_0000000280
Cc1noc(CO)c1C(=O)NCC1CCCN1C(=O)CC1CC1,oxazole2isoxazole_0000000281
Cc1ccc(C(=O)N2CCCC[C@H]2CN(C)C(=O)c2ccon2)cn1,oxazole2isoxazole_0000000282
CCOCC(=O)NC1(C)CCN(C(=O)c2ccc3noc(N)c3c2)C1,oxazole2isoxazole_0000000283
CNC(C(=O)NCc1oncc1-c1ccccc1)C1CCOCC1,oxazole2isoxazole_0000000284
Cc1noc(Cl)c1CC(=O)N1CC[C@@H](NC(=O)c2cnoc2)C1,oxazole2isoxazole_0000000285
CC(C)(C)OC(=O)[C@@H]1CCN(Cc2cnoc2C2CC2)C1,oxazole2isoxazole_0000000286
CCc1ccccc1N1CC(C(=O)NCCc2cc(C)on2)CC1=O,oxazole2isoxazole_0000000287
CCc1cc(C(=O)N[C@H]2C[C@H](CNC(=O)[C@H]3C[C@H](F)C3)C2)no1,oxazole2isoxazole_0000000288
CO[C@@H](C)C(=O)N1CC(C2(NC(=O)c3cnoc3N)CC2)C1,oxazole2isoxazole_0000000289
Cc1cc(C(=O)N[C@H]2CCC[C@@H]2NC(=O)CCC(F)(F)F)no1,oxazole2isoxazole_0000000290
CCc1cc(C(=O)N(C)C(C)CNC(=O)c2cc(C)cc(C)n2)no1,oxazole2isoxazole_0000000291
Cc1nocc1C(=O)N1C[C@H](O)C[C@@H]1CNC(=O)[C@]12COC[C@H]1C2,oxazole2isoxazole_0000000292
CCCc1nocc1C(=O)N1C[C@H](F)C[C@H]1C(F)(F)F,oxazole2isoxazole_0000000293
CC1(C)C(CC(=O)NC2CCN(C(=O)c3cnoc3)C2)C1(C)C,oxazole2isoxazole_0000000294
O=C(N[C@@]12C[C@@H]1CN(C(=O)c1ccon1)C2)C(O)C1CCOCC1,oxazole2isoxazole_0000000295
CC(C)(C)OC(=O)N1CCN(S(=O)(=O)NCc2ccno2)CC1,oxazole2isoxazole_0000000296
Cc1conc1CC(=O)N[C@H]1CCN(C(=O)c2n[nH]nc2C)[C@H](C)C1,oxazole2isoxazole_0000000297
CCc1onc(C)c1C(=O)N[C@@H]1[C@@H]2CC[C@H]1N(C(=O)C1(O)CCC1)C2,oxazole2isoxazole_0000000298
CC(C(N)=O)N1CCN(C(=O)c2cnoc2C2CNC2)CC1,oxazole2isoxazole_0000000299
CCc1ccnc(C(=O)NC[C@@H]2CCN(C(=O)Cc3cnoc3)C2)c1,oxazole2isoxazole_0000000300
CC(=O)NCCC(=O)N[C@H]1CC[C@H](NC(=O)c2ccon2)CC1,oxazole2isoxazole_0000000301
CCc1cscc1C(=O)NC1CN(C(=O)c2nocc2C2CC2)C1,oxazole2isoxazole_0000000302
Cc1c(C(=O)NCC2CNC3(CC3)CO2)noc1C1CCOCC1,oxazole2isoxazole_0000000303
CC(C)CS(=O)(=O)CCC(=O)OCc1cc(C2CC2)on1,oxazole2isoxazole_0000000304
CCCc1nocc1C(=O)N(C)C1CN(C(=O)c2cn[nH]c2)C1,oxazole2isoxazole_0000000305
Cc1onc2c1CCN(C(=O)C1(C(F)(F)F)CCOCC1)C2,oxazole2isoxazole_0000000306
Cc1cc(CN2CCC(=O)N(Cc3ccc(=O)[nH]n3)C2=O)no1,oxazole2isoxazole_0000000307
CC[C@H](CNC(=O)c1conc1C)NC(=O)c1sccc1Cl,oxazole2isoxazole_0000000308
Cc1ncccc1CC(=O)NC1CCN(C(=O)c2ccon2)CC1O,oxazole2isoxazole_0000000309
Cc1noc(C2CC2)c1C(=O)NS(=O)(=O)CCC(C)(C)C,oxazole2isoxazole_0000000310
